
INSERT INTO `Departamentos` (`idDepartamento`, `idJefeDepartamento`, `nombre`, `publicarInformes`, `publicarHistoricos`) VALUES
(1, NULL, 'Departamento de Electricidad, Electrónica y Computación', 'N', 'N'),
(2, NULL, 'Departamento de Bioingeniería', 'N', 'N'),
(3, NULL, 'Departamento de Construcciones y Obras Civiles', 'N', 'N'),
(4, NULL, 'Departamento de Ingeniería de Procesos y Gestión Industrial', 'N', 'N'),
(5, NULL, 'Departamento de Ingeniería Mecánica', 'N', 'N'),
(6, NULL, 'Departamento de Física', 'N', 'N'),
(7, NULL, 'Departamento de Ciencias de la Computación', 'N', 'N'),
(8, NULL, 'Departamento de Matemática', 'N', 'N'),
(9, NULL, 'Departamento Industria Azucarera', 'N', 'N'),
(10, NULL, 'Departamento de Luminotecnia', 'N', 'N'),
(11, NULL, 'Departamento Geodesia', 'N', 'N');

INSERT INTO `Carreras` (`idCarrera`, `idDepartamento`, `idDirectorCarrera`, `idOrganizador`, `nombre`, `plan`, `publicarInformes`, `publicarHistoricos`) VALUES
(1, 1, NULL, NULL, 'Ingeniería en Computación', 2004, 'N', 'N'),
(2, 1, NULL, NULL, 'Ingeniería Eléctrica', 2004, 'N', 'N'),
(3, 1, NULL, NULL, 'Ingeniería Electrónica', 2004, 'N', 'N'),
(4, 11, NULL, NULL, 'Ingeniería Geodésica y Geofísica', 2007, 'N', 'N'),
(5, 2, NULL, NULL, 'Ingeniería Biomédica', 2006, 'N', 'N'),
(6, 3, NULL, NULL, 'Ingeniería Civil', 2005, 'N', 'N'),
(7, 4, NULL, NULL, 'Ingeniería Industrial', 2004, 'N', 'N'),
(8, 5, NULL, NULL, 'Ingeniería Mecánica', 2004, 'N', 'N'),
(9, 4, NULL, NULL, 'Ingeniería Química', 2004, 'N', 'N'),
(10, 6, NULL, NULL, 'Licenciado en Física', 2001, 'N', 'N'),
(11, 7, NULL, NULL, 'Licenciatura en Informática', 2009, 'N', 'N'),
(12, 8, NULL, NULL, 'Licenciatura en Matemática', 1982, 'N', 'N'),
(13, 3, NULL, NULL, 'Agrimensura', 2004, 'N', 'N'),
(14, 9, NULL, NULL, 'Ingeniería Azucarera', 2013, 'N', 'N'),
(15, 10, NULL, NULL, 'Diseño en Iluminación', 2013, 'N', 'N');

INSERT INTO `Formularios` (`idFormulario`, `nombre`, `titulo`, `descripcion`, `creacion`, `preguntasAdicionales`) VALUES
(2, 'Encuestas DEEC 2008', 'Encuesta para mejorar la calidad de la enseñanza', NULL, '2008-11-21 14:58:39', 0),
(3, 'Encuestas DEEC 2010', 'Encuesta para mejorar la calidad de la enseñanza', NULL, '2010-06-07 17:33:44', 0),
(4, 'Formulario FACEyT 2013', 'Encuesta para mejorar la calidad de la enseñanza', NULL, '2013-04-15 07:27:00', 10);

INSERT INTO `Secciones` (`idSeccion`, `idFormulario`, `idCarrera`, `texto`, `descripcion`, `tipo`) VALUES
(1, 2, NULL, 'Sobre el alumno', NULL, 'A'),
(1, 3, NULL, 'Sobre el alumno', NULL, 'A'),
(1, 4, NULL, 'Sobre el Alumno', NULL, 'A'),
(2, 2, NULL, 'Organización de la cátedra', NULL, 'N'),
(2, 3, NULL, 'Organización de la cátedra', NULL, 'N'),
(2, 4, NULL, 'Sobre la Cátedra', NULL, 'N'),
(3, 2, NULL, 'Modalidad de dictado de la materia', NULL, 'A'),
(3, 3, NULL, 'Modalidad de dictado de la materia', NULL, 'A'),
(3, 4, NULL, 'Sobre la Modalidad de Dictado de la Materia', NULL, 'A'),
(4, 2, NULL, 'Evaluaciones', NULL, 'N'),
(4, 3, NULL, 'Evaluaciones', NULL, 'N'),
(5, 2, NULL, 'Desempeño del docente', NULL, 'D'),
(5, 3, NULL, 'Desempeño del docente', NULL, 'D'),
(5, 4, NULL, 'Sobre el Desempeño Docente', NULL, 'D'),
(6, 4, NULL, 'Observaciones y Sugerencias', NULL, 'A');

INSERT INTO `Preguntas` (`idPregunta`, `tipo`, `texto`, `descripcion`, `creacion`, `modoIndice`, `limiteInferior`, `limiteSuperior`, `paso`, `unidad`) VALUES
(1, 'S', '¿Asiste a clases teóricas?', NULL, '2013-04-14 20:09:43', 'S', NULL, NULL, NULL, NULL),
(2, 'S', '¿Asiste a consultas?', NULL, '2013-04-14 20:09:43', 'S', NULL, NULL, NULL, NULL),
(3, 'S', '¿Participa activamente en las distintas clases?', NULL, '2013-04-14 20:09:43', 'S', NULL, NULL, NULL, NULL),
(4, 'S', '¿Usa para estudiar el material de apoyo proporcionado por la cátedra?', 'El material de apoyo contempla apuntes de la cátedra, transparencias, artículos, papers, etc. ', '2013-04-14 20:09:43', 'S', NULL, NULL, NULL, NULL),
(5, 'S', '¿Estudia de libros de texto recomendados por la cátedra?', NULL, '2013-04-14 20:09:43', 'S', NULL, NULL, NULL, NULL),
(6, 'S', '¿Cómo juzga su preparación previa para el cursado de esta asignatura?', NULL, '2013-04-14 20:09:43', 'S', NULL, NULL, NULL, NULL),
(9, 'N', '¿Cuántas horas semanales de tiempo extra fuera del horario de clases necesitó Ud. para cumplimentar con las exigencias de la asignatura?', 'Se refiere a las horas necesarias para estudiar la teoría, completar trabajos prácticos, etc. ', '2013-04-14 20:09:43', 'N', 1.00, 15.00, 1.00, 'Hs\r'),
(10, 'S', '¿Se puede llevar al día esta asignatura, junto con las restantes de este cuatrimestre?', 'Solo debe contestar quien esté cursando únicamente asignaturas del mismo módulo. ', '2013-04-14 20:09:43', 'S', NULL, NULL, NULL, NULL),
(11, 'S', '¿Cómo fue la información dada al alumno al inicio del cuatrimestre sobre el reglamento de la asignatura?', 'El reglamento de la asignatura incluye el programa de la materia, condiciones para regularizar / promocionar / aprobar la materia, requisitos de asistencia, etc.', '2013-04-14 20:09:43', 'S', NULL, NULL, NULL, NULL),
(12, 'S', '¿Cómo fue el cumplimiento del reglamento informado?', 'Su respuesta debe reflejar en qué medida la cátedra cumplió con el reglamento, el cual incluye condiciones para regularizar/promocionar/aprobar la materia, requisitos de asistencia, correlativas, form', '2013-04-14 20:09:43', 'S', NULL, NULL, NULL, NULL),
(13, 'S', '¿Cómo fue el cumplimiento del dictado de los contenidos de la asignatura?', 'Se hace referencia a en qué proporción se completó el dictado de los contenidos contemplados en el programa de la asignatura.', '2013-04-14 20:09:43', 'S', NULL, NULL, NULL, NULL),
(14, 'S', '¿Existe una buena sincronía entre la teoría y la práctica?', 'La pregunta se refiere a si se han impartido los conocimientos teóricos de cada tema previamente a resolver problemas o laboratorios en la práctica.', '2013-04-14 20:09:43', 'S', NULL, NULL, NULL, NULL),
(15, 'S', '¿Cómo considera que fueron las exigencias para regularizar y/o promover la asignatura?', NULL, '2013-04-14 20:09:43', 'N', NULL, NULL, NULL, NULL),
(16, 'S', '¿La bibliografía indicada por la cátedra estuvo disponible a los alumnos, en biblioteca, cátedra, etc?', NULL, '2013-04-14 20:09:43', 'S', NULL, NULL, NULL, NULL),
(17, 'S', 'Califique la comunicación de la cátedra a través de medios vía Web en cuanto a la utilidad, actualización y facilidad de uso de los contenidos', 'Por medios de comunicación vía Web se entiende: sitios web, mensajes de correo electrónico, redes sociales, etc. ', '2013-04-14 20:09:43', 'S', NULL, NULL, NULL, NULL),
(19, 'N', '¿Qué cantidad de horas semanales presenciales le fueron exigidas al cursar esta asignatura?', NULL, '2013-04-14 20:09:43', 'N', 1.00, 15.00, 1.00, 'Hs\r'),
(20, 'S', '¿Se dan consultas regularmente, fuera del horario de clases?', NULL, '2013-04-14 20:09:43', 'S', NULL, NULL, NULL, NULL),
(21, 'N', '¿Cuántos Trabajos Prácticos se dictan?', NULL, '2013-04-14 20:09:43', 'N', 1.00, 15.00, 1.00, NULL),
(22, 'N', '¿Cuántos Trabajos Prácticos de laboratorio se dictan?', NULL, '2013-04-14 20:09:43', 'N', 1.00, 15.00, 1.00, NULL),
(23, 'S', '¿Se trabaja con problemas de diseño o problemas de ingeniería en clases teóricas, prácticas y de laboratorio?', 'Los problemas de ingeniería son aquellos que tienen una solución abierta, es decir existen varias formas de resolverlos. Si existen múltiples soluciones razonables, los ingenieros eligen la solución q', '2013-04-14 20:09:43', 'N', NULL, NULL, NULL, NULL),
(24, 'T', 'Observaciones y sugerencias sobre el dictado y contenidos de la asignatura', NULL, '2013-04-14 20:09:43', 'N', NULL, NULL, NULL, NULL),
(25, 'S', '¿Las evaluaciones fueron adecuadas a los contenidos desarrollados en la asignatura?', 'Los contenidos desarrollados en la asignatura pueden dictarse en clases, requerirse su lectura en papers o libros, derivarse de los conceptos vistos en clases o prácticos, no necesariamente haber sido', '2013-04-14 20:09:43', 'S', NULL, NULL, NULL, NULL),
(26, 'S', '¿Cómo le resultó el tiempo necesario para recibir los resultados de las evaluaciones?', 'La pregunta se refiere principalmente a evaluaciones de trabajos prácticos, si es que hay, exámenes parciales e integrales, pero puede tener en cuenta otros tipos de evaluaciones en caso de no haberse', '2013-04-14 20:09:43', 'S', NULL, NULL, NULL, 'Días\r'),
(27, 'S', '¿Se pueden consultar las evaluaciones corregidas?', NULL, '2013-04-14 20:09:43', 'S', NULL, NULL, NULL, NULL),
(28, 'T', 'Observaciones y sugerencias sobre las evaluaciones', NULL, '2013-04-14 20:09:43', 'N', NULL, NULL, NULL, NULL),
(29, 'S', '¿Cómo es el cumplimiento del horario del docente con sus horarios relacionados con la asignatura?', 'La pregunta se refiere a la puntualidad con que el docente cumple con sus horarios de clases teóricas, prácticas o de consultas, según corresponda.', '2013-04-14 20:09:43', 'S', NULL, NULL, NULL, NULL),
(30, 'S', '¿Cómo es el cumplimiento del docente con horarios de consulta?', NULL, '2013-04-14 20:09:43', 'S', NULL, NULL, NULL, NULL),
(31, 'S', '¿Cómo considera el nivel de dominio de temas del docente?', NULL, '2013-04-14 20:09:43', 'S', NULL, NULL, NULL, NULL),
(32, 'S', '¿Cómo considera el grado de preparación de las clases que desarrolla el docente?', 'La pregunta se refiere a cómo percibe la preparación previa de los temas y/o ejercicios que se dan en clases, como así también a los recursos didácticos usados (pizarra, transparencias, videos, etc.).', '2013-04-14 20:09:43', 'S', NULL, NULL, NULL, NULL),
(33, 'S', '¿Cuál es el grado de preocupación o esfuerzo, que muestra el docente para lograr que los estudiantes aprendan?', NULL, '2013-04-14 20:09:43', 'S', NULL, NULL, NULL, NULL),
(34, 'S', '¿Con qué grado de claridad se hace entender el docente?', NULL, '2013-04-14 20:09:43', 'S', NULL, NULL, NULL, NULL),
(35, 'S', '¿En qué medida crea un clima cordial y de motivación en el aula?', '“Clima cordial” se refiere a la medida en que el docente hace cumplir un trato correcto y amable entre los participantes de la clase.', '2013-04-14 20:09:43', 'S', NULL, NULL, NULL, NULL),
(36, 'S', '¿Cómo es la disposición para atender a los estudiantes?', NULL, '2013-04-14 20:09:43', 'S', NULL, NULL, NULL, NULL),
(38, 'T', 'Observaciones y sugerencias generales', NULL, '2013-04-14 20:09:43', 'N', NULL, NULL, NULL, NULL),
(39, 'N', 'Indique su nivel de satisfacción general con la materia', NULL, '2013-04-14 20:09:43', 'N', 1.00, 10.00, 1.00, NULL),
(40, 'S', '¿En qué medida promueve la generación de diálogo en el aula?', NULL, '2013-04-14 20:09:43', 'S', NULL, NULL, NULL, NULL),
(41, 'N', 'Indique su nivel de satisfacción general para con este docente', NULL, '2013-04-14 20:09:43', 'N', 1.00, 10.00, 1.00, NULL),
(42, 'T', 'Observaciones y sugerencias sobre el desempeño del docente', NULL, '2013-04-14 20:09:43', 'N', NULL, NULL, NULL, NULL),
(43, 'T', 'Observaciones y sugerencias sobre la organización de la cátedra', NULL, '2013-04-14 20:09:43', 'N', NULL, NULL, NULL, NULL),
(44, 'S', '¿Cómo le resultó la cantidad de horas semanales presenciales que le fueron exigidas al cursar esta asignatura?', 'Se debe tener en cuenta la cantidad de horas totales exigidas, incluyendo clases teóricas, prácticas y de laboratorio. ', '2013-04-14 20:09:43', 'S', NULL, NULL, NULL, NULL),
(45, 'S', '¿Según su criterio, como le resulta la cantidad de trabajos prácticos de resolución de problemas y de laboratorio que se dictaron?', 'En caso de no haber finalizado el dictado de la materia, responda considerando los trabajos prácticos y de laboratorios dictados hasta el momento y extrapolando.', '2013-04-14 20:09:43', 'S', NULL, NULL, NULL, NULL),
(46, 'X', 'Si considera pertinente agregue comentarios que a su juicio resulten ser aspectos positivos y/o negativos.', 'Agregue sus observaciones, sugerencias o comentarios. Le pedimos responsabilidad al contestar.', '2013-04-14 20:09:43', 'S', NULL, NULL, NULL, NULL);

INSERT INTO `Items` (`idItem`, `idSeccion`, `idFormulario`, `idPregunta`, `idCarrera`, `posicion`) VALUES
(1, 1, 2, 1, NULL, 1),
(2, 1, 2, 2, NULL, 2),
(3, 1, 2, 3, NULL, 3),
(4, 1, 2, 4, NULL, 4),
(5, 1, 2, 5, NULL, 5),
(6, 1, 2, 6, NULL, 6),
(7, 1, 2, 9, NULL, 7),
(8, 1, 2, 10, NULL, 8),
(9, 1, 2, 38, NULL, 9),
(1, 1, 3, 1, NULL, 1),
(2, 1, 3, 2, NULL, 2),
(3, 1, 3, 3, NULL, 3),
(4, 1, 3, 4, NULL, 4),
(5, 1, 3, 5, NULL, 5),
(6, 1, 3, 6, NULL, 6),
(7, 1, 3, 9, NULL, 7),
(8, 1, 3, 10, NULL, 8),
(9, 1, 3, 38, NULL, 9),
(1, 1, 4, 1, NULL, 0),
(2, 1, 4, 2, NULL, 1),
(3, 1, 4, 3, NULL, 2),
(4, 1, 4, 4, NULL, 3),
(5, 1, 4, 5, NULL, 4),
(6, 1, 4, 6, NULL, 5),
(7, 1, 4, 9, NULL, 6),
(8, 1, 4, 10, NULL, 7),
(1, 2, 2, 11, NULL, 1),
(2, 2, 2, 12, NULL, 2),
(3, 2, 2, 13, NULL, 3),
(4, 2, 2, 14, NULL, 4),
(5, 2, 2, 15, NULL, 5),
(6, 2, 2, 16, NULL, 6),
(7, 2, 2, 17, NULL, 7),
(8, 2, 2, 43, NULL, 8),
(1, 2, 3, 11, NULL, 1),
(2, 2, 3, 12, NULL, 2),
(3, 2, 3, 13, NULL, 3),
(4, 2, 3, 14, NULL, 4),
(5, 2, 3, 15, NULL, 5),
(6, 2, 3, 16, NULL, 6),
(7, 2, 3, 17, NULL, 7),
(8, 2, 3, 39, NULL, 8),
(9, 2, 3, 43, NULL, 9),
(1, 2, 4, 11, NULL, 0),
(2, 2, 4, 12, NULL, 1),
(3, 2, 4, 13, NULL, 2),
(4, 2, 4, 14, NULL, 3),
(5, 2, 4, 15, NULL, 4),
(6, 2, 4, 17, NULL, 5),
(7, 2, 4, 25, NULL, 7),
(8, 2, 4, 26, NULL, 8),
(9, 2, 4, 27, NULL, 9),
(1, 3, 2, 19, NULL, 1),
(2, 3, 2, 20, NULL, 2),
(3, 3, 2, 21, NULL, 3),
(4, 3, 2, 22, NULL, 4),
(5, 3, 2, 23, NULL, 5),
(6, 3, 2, 24, NULL, 6),
(1, 3, 3, 19, NULL, 1),
(2, 3, 3, 20, NULL, 2),
(3, 3, 3, 21, NULL, 3),
(4, 3, 3, 22, NULL, 4),
(5, 3, 3, 23, NULL, 5),
(6, 3, 3, 24, NULL, 6),
(1, 3, 4, 44, NULL, 0),
(2, 3, 4, 20, NULL, 1),
(3, 3, 4, 45, NULL, 2),
(4, 3, 4, 23, NULL, 3),
(1, 4, 2, 25, NULL, 1),
(2, 4, 2, 26, NULL, 2),
(3, 4, 2, 27, NULL, 3),
(4, 4, 2, 28, NULL, 4),
(1, 4, 3, 25, NULL, 1),
(2, 4, 3, 26, NULL, 2),
(3, 4, 3, 27, NULL, 3),
(4, 4, 3, 28, NULL, 4),
(1, 5, 2, 29, NULL, 1),
(2, 5, 2, 30, NULL, 2),
(3, 5, 2, 31, NULL, 3),
(4, 5, 2, 32, NULL, 4),
(5, 5, 2, 33, NULL, 5),
(6, 5, 2, 34, NULL, 6),
(7, 5, 2, 36, NULL, 7),
(8, 5, 2, 42, NULL, 8),
(1, 5, 3, 29, NULL, 1),
(2, 5, 3, 30, NULL, 2),
(3, 5, 3, 31, NULL, 3),
(4, 5, 3, 32, NULL, 4),
(5, 5, 3, 34, NULL, 5),
(6, 5, 3, 35, NULL, 6),
(7, 5, 3, 40, NULL, 7),
(8, 5, 3, 41, NULL, 8),
(9, 5, 3, 42, NULL, 9),
(1, 5, 4, 29, NULL, 0),
(2, 5, 4, 31, NULL, 1),
(3, 5, 4, 32, NULL, 2),
(4, 5, 4, 34, NULL, 3),
(5, 5, 4, 35, NULL, 4),
(6, 5, 4, 40, NULL, 5),
(7, 5, 4, 42, NULL, 6),
(1, 6, 4, 46, NULL, 0);

INSERT INTO `Materias` (`idMateria`, `nombre`, `codigo`, `publicarInformes`, `publicarHistoricos`, `publicarDevoluciones`) VALUES
(1, 'Accionamientos Eléctricos', 'E7A', 'N', 'N', 'N'),
(2, 'Administración de Proyectos', 'E69', 'N', 'N', 'N'),
(3, 'Algebra y Geometría Analítica', 'TT2', 'N', 'N', 'N'),
(4, 'Algoritmos Genéticos y Optimización Heurística', 'EZ1', 'N', 'N', 'N'),
(5, 'Arquitectura de Computadoras', 'E64', 'N', 'N', 'N'),
(6, 'Bases de Datos', 'ECF', 'N', 'N', 'N'),
(7, 'Bases de Procesamiento Digital de Señales', 'E8B', 'N', 'N', 'N'),
(8, 'Cálculo de Maquinas Eléctricas', 'E7B', 'N', 'N', 'N'),
(9, 'Cálculo de Maquinas Eléctricas I', '00E', 'N', 'N', 'N'),
(10, 'Cálculo I', 'TT1', 'N', 'N', 'N'),
(11, 'Cálculo II', 'TT3', 'N', 'N', 'N'),
(12, 'Cálculo III', 'TT5', 'N', 'N', 'N'),
(13, 'Cálculo IV', 'TT6', 'N', 'N', 'N'),
(14, 'Cálculo V', 'TT8', 'N', 'N', 'N'),
(15, 'Centrales Eléctricas', 'E7C', 'N', 'N', 'N'),
(16, 'Circuitos Eléctricos I', 'E10', 'N', 'N', 'N'),
(17, 'Circuitos Eléctricos II', 'E14', 'N', 'N', 'N'),
(18, 'Circuitos Eléctricos III', 'E18', 'N', 'N', 'N'),
(19, 'Circuitos Eléctricos IV', 'E27', 'N', 'N', 'N'),
(20, 'Comando de Sistemas Mecatrónicos', 'EZ4', 'N', 'N', 'N'),
(21, 'Compatibilidad Electromagnética', 'EZ6', 'N', 'N', 'N'),
(22, 'Diseño de Amplificadores Operacionales', 'EAA', 'N', 'N', 'N'),
(23, 'Diseño de Prototipos y Adquisición de Datos', 'EZ5', 'N', 'N', 'N'),
(24, 'Diseño en Instalaciones de Media Tensión', '02E', 'N', 'N', 'N'),
(25, 'Diseño Lógico I', 'EAB', 'N', 'N', 'N'),
(26, 'Dispositivos Electrónicos', 'EBO', 'N', 'N', 'N'),
(27, 'El Mercado Eléctrico', '03E', 'N', 'N', 'N'),
(28, 'Electromagnetismo I', 'EAC', 'N', 'N', 'N'),
(29, 'Electromagnetismo II', 'EAD', 'N', 'N', 'N'),
(30, 'Electrónica de Comunicaciones I', 'EAE', 'N', 'N', 'N'),
(31, 'Electrónica de Potencia', 'E7I', 'N', 'N', 'N'),
(32, 'Electrónica I', 'E17', 'N', 'N', 'N'),
(33, 'Electrónica II', 'E23', 'N', 'N', 'N'),
(34, 'Electrónica III', 'E24', 'N', 'N', 'N'),
(35, 'Electrónica Industrial', '04E', 'N', 'N', 'N'),
(36, 'Electrónica IV', 'E7J', 'N', 'N', 'N'),
(37, 'Electrónica IV', 'E36', 'N', 'N', 'N'),
(38, 'Electrónica para Procesamiento', 'E7K', 'N', 'N', 'N'),
(39, 'Elementos de Algebra Lineal', 'TT4', 'N', 'N', 'N'),
(40, 'Emprendedorismo e Innovación', 'AIZ', 'N', 'N', 'N'),
(41, 'Energías Renovables', '01E', 'N', 'N', 'N'),
(42, 'Estructuras de Datos y Algoritmos', 'ECA', 'N', 'N', 'N'),
(43, 'Filtros Activos', 'E9I', 'N', 'N', 'N'),
(44, 'Física I', 'FI1', 'N', 'N', 'N'),
(45, 'Física II', 'FI2', 'N', 'N', 'N'),
(46, 'Física III', 'FI3', 'N', 'N', 'N'),
(47, 'Física IV', 'E13', 'N', 'N', 'N'),
(48, 'Fundamentos de Química General', 'QQA', 'N', 'N', 'N'),
(49, 'Fundamentos de Redes de Computadoras', 'ECD', 'N', 'N', 'N'),
(50, 'Fundamentos de Telecomunicaciones', 'ECG', 'N', 'N', 'N'),
(51, 'Gestión Ambiental, Salud Ocupacional y Seguridad', 'QEP', 'N', 'N', 'N'),
(52, 'Gestión de Calidad I', 'E8C', 'N', 'N', 'N'),
(53, 'Gestión de Tecnología de la Información', 'EC4', 'N', 'N', 'N'),
(54, 'Informática', 'QQB', 'N', 'N', 'N'),
(55, 'Ingeniería de Software I', 'ECH', 'N', 'N', 'N'),
(56, 'Ingeniería de Software II', 'EC3', 'N', 'N', 'N'),
(57, 'Instalaciones Eléctricas', 'E66', 'N', 'N', 'N'),
(58, 'Instalaciones Eléctricas de Alumbrado', 'EAH', 'N', 'N', 'N'),
(59, 'Instalaciones Eléctricas I', 'E38', 'N', 'N', 'N'),
(60, 'Instalaciones Eléctricas II', 'E7M', 'N', 'N', 'N'),
(61, 'Instrumentación Industrial', 'E7N', 'N', 'N', 'N'),
(62, 'Inteligencia Artificial', 'ECI', 'N', 'N', 'N'),
(63, 'Introducción a la Transmisión de Datos', 'E62', 'N', 'N', 'N'),
(64, 'Introducción a Sistemas de Tiempo Discreto', 'E8F', 'N', 'N', 'N'),
(65, 'Introducción al Derecho', 'G65', 'N', 'N', 'N'),
(66, 'Laboratorio de Bases de Datos', 'EBB', 'N', 'N', 'N'),
(67, 'Laboratorio de Microprocesadores', 'EC2', 'N', 'N', 'N'),
(68, 'Laboratorio de Redes de Área Local', 'EC1', 'N', 'N', 'N'),
(69, 'Lógica y Algebra Discreta', 'ECB', 'N', 'N', 'N'),
(70, 'Máquinas de Fuerza Motriz', 'EBT', 'N', 'N', 'N'),
(71, 'Maquinas Eléctricas', 'E37', 'N', 'N', 'N'),
(72, 'Maquinas Eléctricas I', 'EBS', 'N', 'N', 'N'),
(73, 'Maquinas Eléctricas II', 'EBU', 'N', 'N', 'N'),
(74, 'Materiales Eléctricos', 'EBM', 'N', 'N', 'N'),
(75, 'Materiales y Dispositivos Electrónicos', 'E19', 'N', 'N', 'N'),
(76, 'Mediciones Eléctricas', 'EBN', 'N', 'N', 'N'),
(77, 'Mediciones Eléctricas I', 'EBP', 'N', 'N', 'N'),
(78, 'Mediciones Eléctricas II', 'EBV', 'N', 'N', 'N'),
(79, 'Métodos Numéricos', 'ECE', 'N', 'N', 'N'),
(80, 'Métodos Numéricos Avanzados', 'EZ2', 'N', 'N', 'N'),
(81, 'Modelos de Inteligencia Artificial', 'EC5', 'N', 'N', 'N'),
(82, 'Optoelectrónica I', 'E7R', 'N', 'N', 'N'),
(83, 'Optoelectrónica II', 'E9J', 'N', 'N', 'N'),
(84, 'Organización Industrial y Gestión Ambiental', 'QES', 'N', 'N', 'N'),
(85, 'Práctica Profesional Supervisada', 'EPT', 'N', 'N', 'N'),
(86, 'Practica Supervisada', 'EPU', 'N', 'N', 'N'),
(87, 'Principios de Economía', 'E34', 'N', 'N', 'N'),
(88, 'Principios de Economía', 'M34', 'N', 'N', 'N'),
(89, 'Probabilidad y Estadística', 'TT7', 'N', 'N', 'N'),
(90, 'Procesamiento Digital de Señales', 'E7Z', 'N', 'N', 'N'),
(91, 'Procesamiento Digital de Señales', 'E7S', 'N', 'N', 'N'),
(92, 'Programación I', 'E07', 'N', 'N', 'N'),
(93, 'Programación II', 'E11', 'N', 'N', 'N'),
(94, 'Propagación Electromagnética', 'EBR', 'N', 'N', 'N'),
(95, 'Protocolo de Comunicación TCP/IP', 'EBC', 'N', 'N', 'N'),
(96, 'Prueba de Suficiencia de Ingles', 'FFE', 'N', 'N', 'N'),
(97, 'Prueba de Suficiencia en Ingles', 'FFC', 'N', 'N', 'N'),
(98, 'Redes de Área Extendida', 'E8M', 'N', 'N', 'N'),
(99, 'Redes de Área Local', 'E8L', 'N', 'N', 'N'),
(100, 'Señales Eléctricas', 'EAL', 'N', 'N', 'N'),
(101, 'Sistemas Analógicos I', 'E8N', 'N', 'N', 'N'),
(102, 'Sistemas Analógicos II', 'E8P', 'N', 'N', 'N'),
(103, 'Sistemas con Microprocesadores', 'EC9', 'N', 'N', 'N'),
(104, 'Sistemas con Microprocesadores y Microcontroladores', 'ECC', 'N', 'N', 'N'),
(105, 'Sistemas de Comunicaciones', 'EAM', 'N', 'N', 'N'),
(106, 'Sistemas de Control I', 'E25', 'N', 'N', 'N'),
(107, 'Sistemas de Control II', 'E7T', 'N', 'N', 'N'),
(108, 'Sistemas de Control III', 'EAU', 'N', 'N', 'N'),
(109, 'Sistemas de Representación', 'CV1', 'N', 'N', 'N'),
(110, 'Sistemas de Televisión I', 'EAO', 'N', 'N', 'N'),
(111, 'Sistemas Dinámicos No Lineales', 'EAR', 'N', 'N', 'N'),
(112, 'Sistemas Eléctricos de Potencia', 'E8I', 'N', 'N', 'N'),
(113, 'Sistemas Operativos', 'E68', 'N', 'N', 'N'),
(114, 'Técnicas de Alta Tensión', 'E7Y', 'N', 'N', 'N'),
(115, 'Tecnología de Los Componentes Pasivos', 'EAT', 'N', 'N', 'N'),
(116, 'Tópicos Selectos de Inteligencia Artificial', 'ETI', 'N', 'N', 'N'),
(117, 'Trabajo de Graduación', 'E99', 'N', 'N', 'N'),
(118, 'Transmisión de Datos', 'ECJ', 'N', 'N', 'N'),
(119, 'Transmisión de Energía', 'EBW', 'N', 'N', 'N'),
(120, 'Transmisión de Energía Eléctrica en Muy Alta Tensión', 'E8S', 'N', 'N', 'N'),
(121, 'Biomecánica', '00B', 'N', 'N', 'N'),
(122, 'Biotelemetría', '01B', 'N', 'N', 'N'),
(123, 'Evaluación de Tecnología Medica', '02B', 'N', 'N', 'N'),
(124, 'Sistemas Dinámicos No Lineales', '03B', 'N', 'N', 'N'),
(125, 'Propiedades Dieléctricas de Suspensiones', '05B', 'N', 'N', 'N'),
(126, 'Microbiología Cuantitativa', '06B', 'N', 'N', 'N'),
(127, 'Estimulación Cardiaca', '07B', 'N', 'N', 'N'),
(128, 'Impedancimetria Biomédica', '08B', 'N', 'N', 'N'),
(129, 'Procesamiento Digital de Señales', '10B', 'N', 'N', 'N'),
(130, 'Sistemas de Control I', '11B', 'N', 'N', 'N'),
(131, 'Administración de Proyectos', '12B', 'N', 'N', 'N'),
(132, 'Diseño de Amplificadores Operacionales', '13B', 'N', 'N', 'N'),
(133, 'Diseño Lógico I', '14B', 'N', 'N', 'N'),
(134, 'Ingeniería Clínica Avanzada', '15B', 'N', 'N', 'N'),
(135, 'Práctica Profesional Supervisada', 'B00', 'N', 'N', 'N'),
(136, 'Proyecto de Graduación', 'B98', 'N', 'N', 'N'),
(137, 'Instrumentación Virtual I', 'BIV', 'N', 'N', 'N'),
(138, 'Anatomía para Ingenieros', 'BMA', 'N', 'N', 'N'),
(139, 'Biología para Ingenieros', 'BMB', 'N', 'N', 'N'),
(140, 'Técnicas y Herramientas de Computación', 'BMC', 'N', 'N', 'N'),
(141, 'Fisiología', 'BMD', 'N', 'N', 'N'),
(142, 'Transductores Biomédicos', 'BMF', 'N', 'N', 'N'),
(143, 'Instrumentación Biomédica', 'BMG', 'N', 'N', 'N'),
(144, 'Ingeniería Clínica I', 'BMH', 'N', 'N', 'N'),
(145, 'Informática Medica', 'BMI', 'N', 'N', 'N'),
(146, 'Introducción a la Bioingeniería', 'BMJ', 'N', 'N', 'N'),
(147, 'Ingeniería Clínica II', 'BMK', 'N', 'N', 'N'),
(148, 'Ingeniería y Medicina Legal', 'BML', 'N', 'N', 'N'),
(149, 'Biomateriales', 'BMM', 'N', 'N', 'N'),
(150, 'Hidráulica Básica', 'C19', 'N', 'N', 'N'),
(151, 'Estabilidad II', 'C1C', 'N', 'N', 'N'),
(152, 'Estabilidad III', 'C1F', 'N', 'N', 'N'),
(153, 'Mecánica de los Suelos', 'C1G', 'N', 'N', 'N'),
(154, 'Hidrología', 'C1H', 'N', 'N', 'N'),
(155, 'Estabilidad IV', 'C1K', 'N', 'N', 'N'),
(156, 'Hormigón I', 'C1L', 'N', 'N', 'N'),
(157, 'Hidráulica Aplicada I', 'C1M', 'N', 'N', 'N'),
(158, 'Cimentaciones', 'C1O', 'N', 'N', 'N'),
(159, 'Hidráulica Aplicada II', 'C1P', 'N', 'N', 'N'),
(160, 'Estructuras Metálicas y de Madera', 'C1S', 'N', 'N', 'N'),
(161, 'Instalaciones Complementarias para Edificios', 'C1X', 'N', 'N', 'N'),
(162, 'Proyecto Final', 'C1Y', 'N', 'N', 'N'),
(163, 'Práctica Profesional Supervisada', 'C1Z', 'N', 'N', 'N'),
(164, 'Diseño Geométrico Vial', 'C2A', 'N', 'N', 'N'),
(165, 'Obras Básicas Viales', 'C2B', 'N', 'N', 'N'),
(166, 'Construcciones Sismorresistentes', 'C2C', 'N', 'N', 'N'),
(167, 'Diseño y Construcción de Pavimentos', 'C2D', 'N', 'N', 'N'),
(168, 'Arquitectura y Urbanismo', 'C2F', 'N', 'N', 'N'),
(169, 'Economía y Evaluación de Proyectos', 'C2G', 'N', 'N', 'N'),
(170, 'Organización y Conducción de Obras', 'C2H', 'N', 'N', 'N'),
(171, 'Organización de Empresas I', 'C80', 'N', 'N', 'N'),
(172, 'Organización de Empresas II', 'C81', 'N', 'N', 'N'),
(173, 'Mecánica Técnica I', 'CA1', 'N', 'N', 'N'),
(174, 'Estabilidad I', 'CA2', 'N', 'N', 'N'),
(175, 'Diseño Asistido', 'CA3', 'N', 'N', 'N'),
(176, 'Estabilidad II', 'CA4', 'N', 'N', 'N'),
(177, 'Ensayo de Materiales', 'CA6', 'N', 'N', 'N'),
(178, 'Estabilidad III', 'CA7', 'N', 'N', 'N'),
(179, 'Vías de Comunicación', 'CAA', 'N', 'N', 'N'),
(180, 'Cátedra Abierta', 'CAB', 'N', 'N', 'N'),
(181, 'Hidráulica', 'CAC', 'N', 'N', 'N'),
(182, 'Mecánica Técnica', 'CE2', 'N', 'N', 'N'),
(183, 'Geología Básica', 'CE3', 'N', 'N', 'N'),
(184, 'Estabilidad I', 'CE5', 'N', 'N', 'N'),
(185, 'Mecánica de los Fluidos', 'CE6', 'N', 'N', 'N'),
(186, 'Estudio de Materiales I', 'CE7', 'N', 'N', 'N'),
(187, 'Estudio de Materiales II', 'CE8', 'N', 'N', 'N'),
(188, 'Hormigón II', 'CE9', 'N', 'N', 'N'),
(189, 'Diseño Asistido', 'CIV', 'N', 'N', 'N'),
(190, 'Estabilidad y Resistencia de Materiales', 'CV2', 'N', 'N', 'N'),
(191, 'Obras Civiles', 'CV9', 'N', 'N', 'N'),
(192, 'Ciencia, Tecnología y Sociedad', 'D3K', 'N', 'N', 'N'),
(193, 'Electrotecnia General y Laboratorio', 'EL1', 'N', 'N', 'N'),
(194, 'Electrónica Industrial', 'EL2', 'N', 'N', 'N'),
(195, 'Maquinas Eléctricas', 'EL3', 'N', 'N', 'N'),
(196, 'Instalaciones Eléctricas', 'EL4', 'N', 'N', 'N'),
(197, 'Electrotecnia e Instalaciones Eléctricas', 'ELE', 'N', 'N', 'N'),
(198, 'Electrónica Industrial', 'ELF', 'N', 'N', 'N'),
(199, 'Sistemas Informáticos Industriales', 'ELG', 'N', 'N', 'N'),
(200, 'Electrotecnia y Maquinas Eléctricas', 'ELT', 'N', 'N', 'N'),
(201, 'Física Experimental I', 'F10', 'N', 'N', 'N'),
(202, 'Prueba de Suficiencia Sobre Conocimiento de Idioma Inglés', 'F13', 'N', 'N', 'N'),
(203, 'Mecánica', 'F1A', 'N', 'N', 'N'),
(204, 'Laboratorio I', 'F1B', 'N', 'N', 'N'),
(205, 'Ondas y Termodinámica', 'F1C', 'N', 'N', 'N'),
(206, 'Laboratorio II', 'F1D', 'N', 'N', 'N'),
(207, 'Física Experimental II', 'F20', 'N', 'N', 'N'),
(208, 'Laboratorio', 'F23', 'N', 'N', 'N'),
(209, 'Electricidad y Magnetismo', 'F2E', 'N', 'N', 'N'),
(210, 'Laboratorio III', 'F2F', 'N', 'N', 'N'),
(211, 'Ondas Electromagnéticas y Óptica', 'F2G', 'N', 'N', 'N'),
(212, 'Laboratorio IV', 'F2H', 'N', 'N', 'N'),
(213, 'Idioma I  (Ingles)', 'F32', 'N', 'N', 'N'),
(214, 'Idioma II  (Ingles)', 'F33', 'N', 'N', 'N'),
(215, 'Física Moderna y Contemporánea', 'F3I', 'N', 'N', 'N'),
(216, 'Química', 'F3J', 'N', 'N', 'N'),
(217, 'Electromagnetismo I', 'F3K', 'N', 'N', 'N'),
(218, 'Laboratorio de Física Moderna y Contemporánea', 'F3L', 'N', 'N', 'N'),
(219, 'Epistemología e Historia de la Física', 'F3M', 'N', 'N', 'N'),
(220, 'Electromagnetismo II', 'F3N', 'N', 'N', 'N'),
(221, 'Mecánica Analítica', 'F3O', 'N', 'N', 'N'),
(222, 'Física Estadística I', 'F4P', 'N', 'N', 'N'),
(223, 'Mecánica Cuántica I', 'F4Q', 'N', 'N', 'N'),
(224, 'Mecánica de Fluidos', 'F4R', 'N', 'N', 'N'),
(225, 'Física Estadística II', 'F4T', 'N', 'N', 'N'),
(226, 'Mecánica Cuántica II', 'F4U', 'N', 'N', 'N'),
(227, 'Estados de la Materia', 'F4V', 'N', 'N', 'N'),
(228, 'Ciencia de los Materiales', 'FA7', 'N', 'N', 'N'),
(229, 'Optativa General I (Ecuaciones de la Física Matemática)', 'FAA', 'N', 'N', 'N'),
(230, 'Optativa General I (Electrodinámica y Relatividad)', 'FAB', 'N', 'N', 'N'),
(231, 'Optativa General I (Óptica)', 'FAC', 'N', 'N', 'N'),
(232, 'Optativa General I (Termodinámica Física Clásica)', 'FAD', 'N', 'N', 'N'),
(233, 'Optativa General I (Sistemas No Lineales)', 'FAE', 'N', 'N', 'N'),
(234, 'Optativa General I (Resistencia de Materiales)', 'FAF', 'N', 'N', 'N'),
(235, 'Optativa General I (Instrumentos de Medición)', 'FAG', 'N', 'N', 'N'),
(236, 'Optativa General I (Introd. a la Investigación Científica)', 'FAH', 'N', 'N', 'N'),
(237, 'Optativa General I (Física Nuclear)', 'FAI', 'N', 'N', 'N'),
(238, 'Optativa General I (Electrodinámica de Medios Continuos)', 'FAJ', 'N', 'N', 'N'),
(239, 'Optativa General I (Cuántica Avanzada)', 'FAK', 'N', 'N', 'N'),
(240, 'Optativa General II (Ecuaciones de la Física Matemática)', 'FAL', 'N', 'N', 'N'),
(241, 'Optativa General II (Electrodinámica y Relatividad)', 'FAM', 'N', 'N', 'N'),
(242, 'Optativa General II (Óptica)', 'FAN', 'N', 'N', 'N'),
(243, 'Optativa General II (Termodinámica Física Clásica)', 'FAO', 'N', 'N', 'N'),
(244, 'Optativa General II (Sistemas No Lineales)', 'FAP', 'N', 'N', 'N'),
(245, 'Optativa General II (Resistencia de Materiales)', 'FAQ', 'N', 'N', 'N'),
(246, 'Optativa General II (Instrumentos de Medición)', 'FAR', 'N', 'N', 'N'),
(247, 'Optativa General II (Introd. a la Investigación Científica)', 'FAS', 'N', 'N', 'N'),
(248, 'Optativa General II (Física Nuclear)', 'FAT', 'N', 'N', 'N'),
(249, 'Optativa General II (Electrodinámica de Medios Continuos)', 'FAU', 'N', 'N', 'N'),
(250, 'Optativa General II (Cuántica Avanzada)', 'FAV', 'N', 'N', 'N'),
(251, 'Traducción Técnica de Ingles', 'FBB', 'N', 'N', 'N'),
(252, 'Optativa General I (Lab.de Electrónica y Transductores)', 'FBC', 'N', 'N', 'N'),
(253, 'Optativa General I (Laboratorio de Fisicoquímica)', 'FBD', 'N', 'N', 'N'),
(254, 'Optativa General I (Laboratorio de Computación)', 'FBE', 'N', 'N', 'N'),
(255, 'Optativa General I (Proyectos de Investigación)', 'FBF', 'N', 'N', 'N'),
(256, 'Optativa General I (Laboratorio de Técnicas de Vacío)', 'FBG', 'N', 'N', 'N'),
(257, 'Optativa General I (Laboratorio de Fluidos)', 'FBH', 'N', 'N', 'N'),
(258, 'Optativa General I (Laboratorio  de Materiales)', 'FBI', 'N', 'N', 'N'),
(259, 'Optativa General II (Lab. de Electrónica y Trasductores)', 'FBJ', 'N', 'N', 'N'),
(260, 'Optativa General II (Laboratorio de Fisicoquímica)', 'FBK', 'N', 'N', 'N'),
(261, 'Optativa General II (Laboratorio de Computación)', 'FBL', 'N', 'N', 'N'),
(262, 'Optativa General II (Proyectos de Investigación)', 'FBM', 'N', 'N', 'N'),
(263, 'Optativa General II (Laboratorio de Técnicas de Vacío)', 'FBN', 'N', 'N', 'N'),
(264, 'Optativa General II (Laboratorio de Fluidos)', 'FBO', 'N', 'N', 'N'),
(265, 'Optativa General II (Laboratorio de Materiales)', 'FBP', 'N', 'N', 'N'),
(266, 'Optativa Especifica I', 'FC1', 'N', 'N', 'N'),
(267, 'Optativa Especifica II', 'FC2', 'N', 'N', 'N'),
(268, 'Tesis de Licenciatura', 'FC3', 'N', 'N', 'N'),
(269, 'Prueba de Suficiencia en Idioma Ingles', 'FFF', 'N', 'N', 'N'),
(270, 'Conversación en Idioma Ingles', 'FGA', 'N', 'N', 'N'),
(271, 'Examen de Suficiencia en Idioma Ingles', 'FGG', 'N', 'N', 'N'),
(272, 'Ingles I (Exigencia Adicional)', 'FL8', 'N', 'N', 'N'),
(273, 'Ingles II (Exigencia Adicional)', 'FL9', 'N', 'N', 'N'),
(274, 'Física Nuclear', 'FN1', 'N', 'N', 'N'),
(275, 'Suficiencia de Idioma (Ingles)', 'FQA', 'N', 'N', 'N'),
(276, 'Idioma Ingles', 'FQF', 'N', 'N', 'N'),
(277, 'Laboratorio V (Lab. de Electrónica y Transductores)', 'FS1', 'N', 'N', 'N'),
(278, 'Laboratorio V (Laboratorio de Fisicoquímica)', 'FS2', 'N', 'N', 'N'),
(279, 'Laboratorio V (Laboratorio de Computación)', 'FS3', 'N', 'N', 'N'),
(280, 'Laboratorio V (Proyectos de Investigación)', 'FS4', 'N', 'N', 'N'),
(281, 'Laboratorio V (Laboratorio de Técnicas de Vacío)', 'FS5', 'N', 'N', 'N'),
(282, 'Laboratorio V (Laboratorio de Fluidos)', 'FS6', 'N', 'N', 'N'),
(283, 'Laboratorio V  (Laboratorio de Materiales)', 'FS7', 'N', 'N', 'N'),
(284, 'Laboratorio VI (Lab. de Electrónica y Transductores)', 'FSA', 'N', 'N', 'N'),
(285, 'Laboratorio VI (Laboratorio de Fisicoquímica)', 'FSB', 'N', 'N', 'N'),
(286, 'Laboratorio VI (Laboratorio de Computación)', 'FSC', 'N', 'N', 'N'),
(287, 'Laboratorio VI (Proyectos de Investigación)', 'FSD', 'N', 'N', 'N'),
(288, 'Laboratorio VI (Laboratorio de Técnicas de Vacío)', 'FSE', 'N', 'N', 'N'),
(289, 'Laboratorio VI (Laboratorio de Fluidos)', 'FSF', 'N', 'N', 'N'),
(290, 'Laboratorio VI (Laboratorio de Materiales)', 'FSG', 'N', 'N', 'N'),
(291, 'Topografía y Geodesia', 'G01', 'N', 'N', 'N'),
(292, 'Derecho y Ciencias Sociales', 'G02', 'N', 'N', 'N'),
(293, 'Hidrogeología', 'G11', 'N', 'N', 'N'),
(294, 'Proyecto Final', 'G99', 'N', 'N', 'N'),
(295, 'Legislación Empresarial', 'GAG', 'N', 'N', 'N'),
(296, 'Geología General', 'GEK', 'N', 'N', 'N'),
(297, 'Cartografía', 'GEM', 'N', 'N', 'N'),
(298, 'Ingeniería Legal', 'GEV', 'N', 'N', 'N'),
(299, 'Geografía Física y Geomorfología', 'GGA', 'N', 'N', 'N'),
(300, 'Geodesia y Astronomía de Posición', 'GGB', 'N', 'N', 'N'),
(301, 'Fotogrametría', 'GGC', 'N', 'N', 'N'),
(302, 'Geodesia Geométrica', 'GGD', 'N', 'N', 'N'),
(303, 'Geofísica General', 'GGE', 'N', 'N', 'N'),
(304, 'Geología Estructural', 'GGF', 'N', 'N', 'N'),
(305, 'Prácticas Profesionales Supervisadas', 'GGG', 'N', 'N', 'N'),
(306, 'Fotogrametría Analítica y Digital I', 'GGH', 'N', 'N', 'N'),
(307, 'Calculo Geodésico Avanzado', 'GGI', 'N', 'N', 'N'),
(308, 'Prospección Sísmica', 'GGJ', 'N', 'N', 'N'),
(309, 'Sistemas de Información Geográfico', 'GGK', 'N', 'N', 'N'),
(310, 'Geotecnia', 'GGL', 'N', 'N', 'N'),
(311, 'Sensores Remotos', 'GGM', 'N', 'N', 'N'),
(312, 'Geodesia Física', 'GGN', 'N', 'N', 'N'),
(313, 'Prospección Gravimétrica y Magnética', 'GGO', 'N', 'N', 'N'),
(314, 'Fotogrametría Analítica y Digital II', 'GGP', 'N', 'N', 'N'),
(315, 'Levantamiento Territorial', 'GGQ', 'N', 'N', 'N'),
(316, 'Prospección Geoeléctrica', 'GGR', 'N', 'N', 'N'),
(317, 'Tecnología Satelital y Geodinámica', 'GGS', 'N', 'N', 'N'),
(318, 'Urbanismo y Gestión Ambiental', 'GGT', 'N', 'N', 'N'),
(319, 'Higiene y Seguridad Laboral', 'GGU', 'N', 'N', 'N'),
(320, 'Laboratorio de Computación I', 'GJ4', 'N', 'N', 'N'),
(321, 'Laboratorio de Computación II', 'GJ9', 'N', 'N', 'N'),
(322, 'Topografía I', 'GK1', 'N', 'N', 'N'),
(323, 'Topografía II', 'GK4', 'N', 'N', 'N'),
(324, 'Dibujo Topográfico', 'GK5', 'N', 'N', 'N'),
(325, 'Teoría de Errores y Compensación', 'GL1', 'N', 'N', 'N'),
(326, 'Dibujo Cartográfico', 'GL2', 'N', 'N', 'N'),
(327, 'Topografía III', 'GL3', 'N', 'N', 'N'),
(328, 'Fundamentos Matemáticos para Geodesia', 'GL4', 'N', 'N', 'N'),
(329, 'Ordenamiento Territorial', 'GL5', 'N', 'N', 'N'),
(330, 'Cartografía Asistida Por Computadora', 'GL6', 'N', 'N', 'N'),
(331, 'Hidráulica para Agrimensores', 'GL7', 'N', 'N', 'N'),
(332, 'Agrimensura Legal I', 'GL8', 'N', 'N', 'N'),
(333, 'Vías de Comunicación', 'GL9', 'N', 'N', 'N'),
(334, 'Astronomía', 'GM0', 'N', 'N', 'N'),
(335, 'Fotogrametría I', 'GM1', 'N', 'N', 'N'),
(336, 'Geofísica y Geomorfología', 'GM2', 'N', 'N', 'N'),
(337, 'Economía', 'GM3', 'N', 'N', 'N'),
(338, 'Agrimensura Legal II', 'GM4', 'N', 'N', 'N'),
(339, 'Geodesia', 'GM5', 'N', 'N', 'N'),
(340, 'Fotogrametría II', 'GM6', 'N', 'N', 'N'),
(341, 'Deslindes, Limites y Mensuras', 'GM7', 'N', 'N', 'N'),
(342, 'Catastro', 'GM8', 'N', 'N', 'N'),
(343, 'Sistemas de Información Territorial', 'GM9', 'N', 'N', 'N'),
(344, 'Técnicas Satelitales', 'GN1', 'N', 'N', 'N'),
(345, 'Mediciones Especiales', 'GN2', 'N', 'N', 'N'),
(346, 'Valuaciones', 'GN3', 'N', 'N', 'N'),
(347, 'Proyecto Final', 'GN4', 'N', 'N', 'N'),
(348, 'Evaluación de Proyectos', 'GP7', 'N', 'N', 'N'),
(349, 'Economía de la Construcción', 'GP8', 'N', 'N', 'N'),
(350, 'Economía Rural', 'GP9', 'N', 'N', 'N'),
(351, 'Práctica Profesional Supervisada', 'GPS', 'N', 'N', 'N'),
(352, 'Exigencia Adicional "Idioma Ingles"', 'GQA', 'N', 'N', 'N'),
(353, 'Tecnologías y Procesos de Producción', 'I32', 'N', 'N', 'N'),
(354, 'Sistemas Alternativos de Producción de Energía', 'I90', 'N', 'N', 'N'),
(355, 'Introducción a la Ingeniería Industrial', 'IA1', 'N', 'N', 'N'),
(356, 'Prácticas Profesionales', 'IA4', 'N', 'N', 'N'),
(357, 'Proyecto de Graduación', 'IA5', 'N', 'N', 'N'),
(358, 'Emprendedorismo e Innovación', 'IA7', 'N', 'N', 'N'),
(359, 'Comercialización I (Marketing)', 'IAA', 'N', 'N', 'N'),
(360, 'Psicología Laboral', 'IAB', 'N', 'N', 'N'),
(361, 'Comercialización II (Marketing)', 'IAC', 'N', 'N', 'N'),
(362, 'Psicología Organizacional', 'IAD', 'N', 'N', 'N'),
(363, 'Costos I', 'IAF', 'N', 'N', 'N'),
(364, 'Costos II', 'IAG', 'N', 'N', 'N'),
(365, 'Gestión de Seguridad Alimentaria', 'IAH', 'N', 'N', 'N'),
(366, 'Introducción a la Biotecnología', 'IAU', 'N', 'N', 'N'),
(367, 'Gerenciamiento de Procesos', 'IAV', 'N', 'N', 'N'),
(368, 'Evaluación de Impacto y Gestión Ambiental', 'IAW', 'N', 'N', 'N'),
(369, 'Logística Industrial', 'IAY', 'N', 'N', 'N'),
(370, 'Optimización de Sistemas de Gestión', 'IAZ', 'N', 'N', 'N'),
(371, 'Tesis de Licenciatura (Anual)', 'L98', 'N', 'N', 'N'),
(372, 'Algoritmos y Estructuras de Datos I', 'LIA', 'N', 'N', 'N'),
(373, 'Taller de Lenguajes I', 'LIB', 'N', 'N', 'N'),
(374, 'Arquitectura y Organización de Computadoras I', 'LIC', 'N', 'N', 'N'),
(375, 'Arquitectura y Organización de Computadoras II', 'LID', 'N', 'N', 'N'),
(376, 'Taller de Lenguajes II', 'LIE', 'N', 'N', 'N'),
(377, 'Ingeniería de Software I', 'LIF', 'N', 'N', 'N'),
(378, 'Sistemas Operativos I', 'LIG', 'N', 'N', 'N'),
(379, 'Ingeniería de Software II', 'LIH', 'N', 'N', 'N'),
(380, 'Sistemas Operativos II', 'LII', 'N', 'N', 'N'),
(381, 'Proyecto de Software (Anual)', 'LIJ', 'N', 'N', 'N'),
(382, 'Sistemas de Información', 'LIK', 'N', 'N', 'N'),
(383, 'Algoritmos y Estructuras de Datos II', 'LIL', 'N', 'N', 'N'),
(384, 'Evaluación de Proyectos de Inversión', 'LP3', 'N', 'N', 'N'),
(385, 'Principios de Economía', 'LP4', 'N', 'N', 'N'),
(386, 'Economía', 'LP5', 'N', 'N', 'N'),
(387, 'Tecnología Aplicada en Educación', 'LTA', 'N', 'N', 'N'),
(388, 'Computación Gráfica', 'LTB', 'N', 'N', 'N'),
(389, 'Servicios de Red', 'LTC', 'N', 'N', 'N'),
(390, 'Programación Concurrente', 'LTD', 'N', 'N', 'N'),
(391, 'Diseño de Aplicaciones en la Web', 'LTE', 'N', 'N', 'N'),
(392, 'Tecnología Informática Aplicada en Educación', 'LTF', 'N', 'N', 'N'),
(393, 'Administración de Proyectos', 'LTG', 'N', 'N', 'N'),
(394, 'Procesamiento Digital de Imágenes', 'LTH', 'N', 'N', 'N'),
(395, 'Patrones de Diseño', 'LTI', 'N', 'N', 'N'),
(396, 'Mecánica Técnica II', 'M01', 'N', 'N', 'N'),
(397, 'Dibujo de Maquinas', 'M02', 'N', 'N', 'N'),
(398, 'Conocimiento de los Materiales', 'M03', 'N', 'N', 'N'),
(399, 'Termodinámica', 'M04', 'N', 'N', 'N'),
(400, 'Oleohidraulica y Neumática', 'M05', 'N', 'N', 'N'),
(401, 'Elementos y Proyecto de Maquinas', 'M06', 'N', 'N', 'N'),
(402, 'Tecnología Mecánica y de Fabricación', 'M07', 'N', 'N', 'N'),
(403, 'Tecnología del Frio', 'M08', 'N', 'N', 'N'),
(404, 'Turbomaquinas', 'M09', 'N', 'N', 'N'),
(405, 'Maquinas Hidráulicas', 'M10', 'N', 'N', 'N'),
(406, 'Mediciones Térmicas', 'M12', 'N', 'N', 'N'),
(407, 'Motores de Combustión Interna', 'M13', 'N', 'N', 'N'),
(408, 'Vibraciones y Fundación de Maquinas', 'M14', 'N', 'N', 'N'),
(409, 'Mecánica y Mecanismos', 'M15', 'N', 'N', 'N'),
(410, 'Maquinas Elevadoras y de Transporte', 'M16', 'N', 'N', 'N'),
(411, 'Organización Industrial', 'M17', 'N', 'N', 'N'),
(412, 'Generadores de Vapor e Instalaciones Térmicas', 'M18', 'N', 'N', 'N'),
(413, 'Termodinámica y Maquinas Térmicas', 'M19', 'N', 'N', 'N'),
(414, 'Economía', 'M1M', 'N', 'N', 'N'),
(415, 'Sistemas de Control', 'M20', 'N', 'N', 'N'),
(416, 'Ensayo de Maquinas e Instalaciones Térmicas', 'M21', 'N', 'N', 'N'),
(417, 'Economía Industrial', 'M23', 'N', 'N', 'N'),
(418, 'Instalaciones Industriales', 'M35', 'N', 'N', 'N'),
(419, 'Proyecto Final', 'M99', 'N', 'N', 'N'),
(420, 'Mecánica de los Fluidos', 'MA5', 'N', 'N', 'N'),
(421, 'Economía y Organización Industrial', 'MCA', 'N', 'N', 'N'),
(422, 'Mecánica Aplicada', 'MCB', 'N', 'N', 'N'),
(423, 'Evaluación de Proyectos de Inversión', 'MEP', 'N', 'N', 'N'),
(424, 'Idioma Moderno Alemán', 'MII', 'N', 'N', 'N'),
(425, 'Mantenimiento Industrial', 'MIN', 'N', 'N', 'N'),
(426, 'Organización Industrial', 'MQA', 'N', 'N', 'N'),
(427, 'Prácticas de Taller I', 'MTA', 'N', 'N', 'N'),
(428, 'Prácticas de Taller II', 'MTB', 'N', 'N', 'N'),
(429, 'Taller de Motores de Combustión Interna', 'MTC', 'N', 'N', 'N'),
(430, 'Practica en la Industria', 'MTD', 'N', 'N', 'N'),
(431, 'Laboratorio I', 'P03', 'N', 'N', 'N'),
(432, 'Laboratorio II', 'P07', 'N', 'N', 'N'),
(433, 'Conceptos de Bases de Datos I', 'P09', 'N', 'N', 'N'),
(434, 'Métodos Numéricos I', 'P10', 'N', 'N', 'N'),
(435, 'Paradigmas de Programación', 'P14', 'N', 'N', 'N'),
(436, 'Conceptos de Bases de Datos II', 'P15', 'N', 'N', 'N'),
(437, 'Comunicaciones I', 'P18', 'N', 'N', 'N'),
(438, 'Comunicaciones II', 'P21', 'N', 'N', 'N'),
(439, 'Taller de Legislación y Organizaciones', 'P24', 'N', 'N', 'N'),
(440, 'Sistemas Abiertos', 'P25', 'N', 'N', 'N'),
(441, 'Elementos de Computación y Lógica', 'PU1', 'N', 'N', 'N'),
(442, 'Programación', 'PU2', 'N', 'N', 'N'),
(443, 'Conceptos de Lenguajes', 'PU5', 'N', 'N', 'N'),
(444, 'Administración Avanzada de Sistemas Operativos', 'PU7', 'N', 'N', 'N'),
(445, 'Métodos Numéricos II', 'PU8', 'N', 'N', 'N'),
(446, 'Química Orgánica', 'Q1B', 'N', 'N', 'N'),
(447, 'Fenómenos de Transferencia', 'Q1C', 'N', 'N', 'N'),
(448, 'Operaciones Industriales', 'Q1D', 'N', 'N', 'N'),
(449, 'Ingeniería Ambiental', 'Q1F', 'N', 'N', 'N'),
(450, 'Procesos Industriales', 'Q1G', 'N', 'N', 'N'),
(451, 'Investigación Operativa', 'Q1H', 'N', 'N', 'N'),
(452, 'Higiene y Seguridad Laboral', 'Q1I', 'N', 'N', 'N'),
(453, 'Automatización y Control de Procesos', 'Q1J', 'N', 'N', 'N'),
(454, 'Gestión de la Calidad', 'Q1L', 'N', 'N', 'N'),
(455, 'Química Orgánica', 'Q22', 'N', 'N', 'N'),
(456, 'Prácticas de Fabrica', 'QA3', 'N', 'N', 'N'),
(457, 'Trabajo Final', 'QA4', 'N', 'N', 'N'),
(458, 'Higiene, Seguridad Industrial y Control Ambiental', 'QHZ', 'N', 'N', 'N'),
(459, 'Diseño de Procesos para Conservación de la Energía', 'QIA', 'N', 'N', 'N'),
(460, 'Química de los Alimentos', 'QIB', 'N', 'N', 'N'),
(461, 'Ingeniería Laboral', 'QIF', 'N', 'N', 'N'),
(462, 'Gerenciamiento de los Procesos', 'QII', 'N', 'N', 'N'),
(463, 'Tecnología de la Conservación de los Alimentos', 'QIJ', 'N', 'N', 'N'),
(464, 'Construcciones Industriales', 'QIM', 'N', 'N', 'N'),
(465, 'Instrumentación Industrial de Procesos', 'QIN', 'N', 'N', 'N'),
(466, 'Aguas Residuales: Generación y Tratamiento', 'QIP', 'N', 'N', 'N'),
(467, 'Química General e Inorgánica', 'QQC', 'N', 'N', 'N'),
(468, 'Química Analítica I', 'QQD', 'N', 'N', 'N'),
(469, 'Química Orgánica I', 'QQE', 'N', 'N', 'N'),
(470, 'Termodinámica de Procesos', 'QQF', 'N', 'N', 'N'),
(471, 'Introducción a la Ingeniería Química', 'QQG', 'N', 'N', 'N'),
(472, 'Química Analítica II', 'QQH', 'N', 'N', 'N'),
(473, 'Química Orgánica II', 'QQI', 'N', 'N', 'N'),
(474, 'Fisicoquímica', 'QQJ', 'N', 'N', 'N'),
(475, 'Balances de Materia y Energía', 'QQK', 'N', 'N', 'N'),
(476, 'Fenómenos de Transporte', 'QQL', 'N', 'N', 'N'),
(477, 'Microbiología General e Industrial', 'QQM', 'N', 'N', 'N'),
(478, 'Análisis y Diseño de Reactores I', 'QQN', 'N', 'N', 'N'),
(479, 'Operaciones Unitarias I', 'QQO', 'N', 'N', 'N'),
(480, 'Operaciones Unitarias II', 'QQP', 'N', 'N', 'N'),
(481, 'Análisis y Diseño de Reactores II', 'QQQ', 'N', 'N', 'N'),
(482, 'Operaciones Unitarias III', 'QQR', 'N', 'N', 'N'),
(483, 'Control de Procesos', 'QQS', 'N', 'N', 'N'),
(484, 'Formulación y Evaluación de Proyectos', 'QQT', 'N', 'N', 'N'),
(485, 'Diseño y Optimización de Procesos', 'QQU', 'N', 'N', 'N'),
(486, 'Ingeniería Ambiental e Higiene y Seguridad del Trabajo', 'QQV', 'N', 'N', 'N'),
(487, 'Tecnología de los Procesos Industriales en Escala Piloto', 'QQW', 'N', 'N', 'N'),
(488, 'Procesos de la Industria Química', 'QQZ', 'N', 'N', 'N'),
(489, 'Gestión de la Calidad', 'QVB', 'N', 'N', 'N'),
(490, 'Simulación de Procesos', 'QVE', 'N', 'N', 'N'),
(491, 'Evaluación de Impacto Ambiental', 'QVJ', 'N', 'N', 'N'),
(492, 'Control de Calidad en Agroindustrias del Noa', 'QVK', 'N', 'N', 'N'),
(493, 'Análisis Matemático I', 'T10', 'N', 'N', 'N'),
(494, 'Elementos de Algebra Lineal y Geometría Analítica', 'T11', 'N', 'N', 'N'),
(495, 'Análisis Matemático II', 'T20', 'N', 'N', 'N'),
(496, 'Algebra', 'T21', 'N', 'N', 'N'),
(497, 'Algebra Lineal', 'T22', 'N', 'N', 'N'),
(498, 'Análisis Matemático III', 'T30', 'N', 'N', 'N'),
(499, 'Computación', 'T31', 'N', 'N', 'N'),
(500, 'Probabilidades y Estadística', 'T32', 'N', 'N', 'N'),
(501, 'Análisis Matemático IV', 'T33', 'N', 'N', 'N'),
(502, 'Geometría', 'T34', 'N', 'N', 'N'),
(503, 'Ecuaciones Diferenciales I', 'T40', 'N', 'N', 'N'),
(504, 'Funciones Reales I', 'T41', 'N', 'N', 'N'),
(505, 'Ecuaciones Diferenciales II', 'T42', 'N', 'N', 'N'),
(506, 'Topología', 'T43', 'N', 'N', 'N'),
(507, 'Funciones Reales II', 'T50', 'N', 'N', 'N'),
(508, 'Fundamentos de la Matemática', 'T51', 'N', 'N', 'N'),
(509, 'Seminario', 'T54', 'N', 'N', 'N'),
(510, 'Computación II', 'T60', 'N', 'N', 'N'),
(511, 'Algoritmos y Estructura de Datos', 'T61', 'N', 'N', 'N'),
(512, 'Regresión No-Paramétrica', 'T62', 'N', 'N', 'N'),
(513, 'Teoría de Probabilidades y Procesos Estocásticos', 'T63', 'N', 'N', 'N'),
(514, 'Estadística Aplicada', 'T64', 'N', 'N', 'N'),
(515, 'Estructuras Algebraicas', 'T65', 'N', 'N', 'N'),
(516, 'Tópicos de Topología General y Algebraica', 'T75', 'N', 'N', 'N'),
(517, 'Sistemas Dinámicos No Lineales', 'T77', 'N', 'N', 'N'),
(518, 'Sistemas Dinámicos Discretos', 'T79', 'N', 'N', 'N'),
(519, 'Optativa: Estructuras Algebraicas (Grupos)', 'T80', 'N', 'N', 'N'),
(520, 'Algebra Lineal Aplicada y Manejo de Datos', 'T81', 'N', 'N', 'N'),
(521, 'Algebra Tensorial', 'T95', 'N', 'N', 'N'),
(522, 'Algebra y Geometría Analítica I', 'TA2', 'N', 'N', 'N'),
(523, 'Algebra y Geometría Analítica II', 'TA4', 'N', 'N', 'N'),
(524, 'Calculo Nivel I', 'TAA', 'N', 'N', 'N'),
(525, 'Calculo Nivel II', 'TAB', 'N', 'N', 'N'),
(526, 'Calculo Nivel III', 'TAC', 'N', 'N', 'N'),
(527, 'Calculo Nivel IV', 'TAD', 'N', 'N', 'N'),
(528, 'Matemática para Físicos', 'TAE', 'N', 'N', 'N'),
(529, 'Estadística Matemática', 'TEM', 'N', 'N', 'N'),
(530, 'Matemática IV - Matemática Aplicada a la Química', 'TLM', 'N', 'N', 'N'),
(531, 'Matemática Discreta', 'TT9', 'N', 'N', 'N');

INSERT INTO `Materias_Carreras` (`idMateria`, `idCarrera`, `alumnos`) VALUES
(1, 3, 0),
(2, 1, 0),
(2, 3, 0),
(3, 1, 0),
(3, 2, 0),
(3, 3, 0),
(3, 4, 0),
(3, 5, 0),
(3, 6, 0),
(3, 7, 0),
(3, 8, 0),
(3, 9, 0),
(3, 11, 0),
(3, 13, 0),
(4, 11, 0),
(5, 1, 10),
(6, 1, 0),
(7, 1, 0),
(8, 3, 0),
(9, 2, 0),
(10, 1, 0),
(10, 2, 0),
(10, 3, 0),
(10, 4, 0),
(10, 5, 0),
(10, 6, 0),
(10, 7, 0),
(10, 8, 0),
(10, 9, 0),
(10, 11, 0),
(10, 13, 0),
(11, 1, 0),
(11, 2, 0),
(11, 3, 0),
(11, 4, 0),
(11, 5, 0),
(11, 6, 0),
(11, 7, 0),
(11, 8, 0),
(11, 9, 0),
(11, 11, 0),
(11, 13, 0),
(12, 1, 0),
(12, 2, 0),
(12, 3, 0),
(12, 4, 0),
(12, 5, 0),
(12, 6, 0),
(12, 7, 0),
(12, 8, 0),
(12, 9, 0),
(12, 11, 0),
(12, 13, 0),
(13, 1, 0),
(13, 2, 0),
(13, 3, 0),
(13, 4, 0),
(13, 5, 0),
(13, 6, 0),
(13, 7, 0),
(13, 8, 0),
(13, 9, 0),
(13, 13, 0),
(14, 2, 0),
(14, 3, 0),
(15, 2, 0),
(16, 1, 0),
(16, 2, 0),
(16, 3, 0),
(16, 5, 0),
(17, 2, 0),
(17, 3, 0),
(17, 5, 0),
(18, 3, 0),
(18, 5, 0),
(22, 3, 0),
(24, 2, 0),
(25, 1, 0),
(25, 3, 0),
(26, 3, 0),
(26, 5, 0),
(27, 2, 0),
(28, 3, 0),
(29, 3, 0),
(30, 3, 0),
(31, 2, 0),
(31, 3, 0),
(32, 1, 0),
(32, 2, 0),
(32, 3, 0),
(32, 5, 0),
(33, 2, 0),
(33, 3, 0),
(33, 5, 0),
(34, 3, 0),
(34, 5, 0),
(35, 2, 0),
(35, 3, 0),
(36, 1, 0),
(37, 3, 0),
(37, 5, 0),
(38, 1, 0),
(38, 3, 0),
(39, 1, 0),
(39, 2, 0),
(39, 3, 0),
(39, 4, 0),
(39, 5, 0),
(39, 6, 0),
(39, 7, 0),
(39, 8, 0),
(39, 9, 0),
(39, 11, 0),
(39, 13, 0),
(40, 1, 0),
(41, 2, 0),
(42, 1, 0),
(43, 3, 0),
(43, 5, 0),
(44, 1, 0),
(44, 2, 0),
(44, 3, 0),
(44, 4, 0),
(44, 5, 0),
(44, 6, 0),
(44, 7, 0),
(44, 8, 0),
(44, 9, 0),
(44, 13, 0),
(45, 1, 0),
(45, 2, 0),
(45, 3, 0),
(45, 4, 0),
(45, 5, 0),
(45, 6, 0),
(45, 7, 0),
(45, 8, 0),
(45, 9, 0),
(45, 13, 0),
(46, 1, 0),
(46, 2, 0),
(46, 3, 0),
(46, 4, 0),
(46, 5, 0),
(46, 6, 0),
(46, 7, 0),
(46, 8, 0),
(46, 9, 0),
(46, 13, 0),
(48, 1, 0),
(48, 2, 0),
(48, 3, 0),
(48, 4, 0),
(48, 5, 0),
(48, 6, 0),
(48, 7, 0),
(48, 8, 0),
(48, 9, 0),
(48, 13, 0),
(49, 1, 0),
(49, 3, 0),
(50, 1, 0),
(51, 1, 0),
(51, 3, 0),
(53, 1, 0),
(54, 1, 0),
(54, 2, 0),
(54, 3, 0),
(54, 4, 0),
(54, 5, 0),
(54, 6, 0),
(54, 7, 0),
(54, 8, 0),
(54, 9, 0),
(54, 13, 0),
(55, 1, 0),
(56, 1, 0),
(57, 3, 0),
(58, 3, 0),
(59, 2, 0),
(60, 2, 0),
(61, 1, 0),
(61, 2, 0),
(61, 3, 0),
(61, 5, 0),
(62, 1, 0),
(63, 3, 0),
(64, 3, 0),
(65, 1, 0),
(65, 2, 0),
(65, 3, 0),
(66, 1, 0),
(67, 1, 0),
(67, 3, 0),
(68, 1, 0),
(69, 1, 0),
(70, 2, 0),
(71, 3, 0),
(72, 2, 0),
(73, 2, 0),
(74, 2, 0),
(74, 3, 0),
(74, 5, 0),
(75, 1, 0),
(76, 3, 0),
(77, 2, 0),
(78, 2, 0),
(79, 1, 0),
(79, 5, 0),
(81, 1, 0),
(82, 1, 0),
(82, 3, 0),
(82, 5, 0),
(83, 3, 0),
(84, 2, 0),
(85, 1, 0),
(86, 2, 0),
(86, 3, 0),
(88, 2, 0),
(88, 3, 0),
(89, 1, 0),
(89, 2, 0),
(89, 3, 0),
(89, 4, 0),
(89, 5, 0),
(89, 6, 0),
(89, 7, 0),
(89, 8, 0),
(89, 9, 0),
(89, 11, 0),
(89, 13, 0),
(90, 1, 0),
(91, 3, 0),
(92, 1, 0),
(92, 2, 0),
(92, 3, 0),
(93, 1, 0),
(94, 2, 0),
(95, 1, 0),
(96, 2, 0),
(96, 3, 0),
(97, 1, 0),
(98, 1, 0),
(99, 3, 0),
(100, 3, 0),
(101, 3, 0),
(101, 5, 0),
(102, 3, 0),
(102, 5, 0),
(103, 3, 0),
(104, 1, 0),
(104, 3, 0),
(105, 3, 0),
(106, 2, 0),
(106, 3, 0),
(107, 2, 0),
(107, 3, 0),
(109, 1, 0),
(109, 2, 0),
(109, 3, 0),
(109, 4, 0),
(109, 5, 0),
(109, 6, 0),
(109, 7, 0),
(109, 8, 0),
(109, 9, 0),
(109, 13, 0),
(111, 1, 0),
(111, 3, 0),
(112, 2, 0),
(113, 1, 0),
(114, 2, 0),
(114, 3, 0),
(115, 3, 0),
(116, 1, 0),
(117, 1, 0),
(117, 2, 0),
(117, 3, 0),
(118, 1, 0),
(119, 2, 0),
(120, 2, 0),
(121, 5, 0),
(122, 5, 0),
(123, 5, 0),
(124, 5, 0),
(125, 5, 0),
(126, 5, 0),
(127, 5, 0),
(128, 5, 0),
(129, 5, 0),
(130, 5, 0),
(131, 5, 0),
(132, 5, 0),
(133, 5, 0),
(134, 5, 0),
(135, 5, 0),
(136, 5, 0),
(137, 5, 0),
(138, 5, 0),
(139, 5, 0),
(140, 5, 0),
(141, 5, 0),
(142, 5, 0),
(143, 5, 0),
(144, 5, 0),
(145, 5, 0),
(146, 5, 0),
(147, 5, 0),
(148, 5, 0),
(149, 5, 0),
(150, 6, 0),
(151, 6, 0),
(152, 6, 0),
(153, 6, 0),
(154, 6, 0),
(155, 6, 0),
(156, 6, 0),
(157, 6, 0),
(158, 6, 0),
(159, 6, 0),
(160, 6, 0),
(161, 6, 0),
(162, 6, 0),
(163, 6, 0),
(164, 6, 0),
(165, 6, 0),
(166, 6, 0),
(167, 6, 0),
(168, 6, 0),
(169, 6, 0),
(170, 6, 0),
(171, 7, 0),
(172, 7, 0),
(173, 8, 0),
(174, 8, 0),
(175, 8, 0),
(176, 8, 0),
(177, 8, 0),
(178, 8, 0),
(179, 4, 0),
(180, 5, 0),
(181, 4, 0),
(182, 6, 0),
(183, 6, 0),
(184, 6, 0),
(185, 6, 0),
(186, 6, 0),
(187, 6, 0),
(188, 6, 0),
(189, 6, 0),
(189, 7, 0),
(190, 7, 0),
(191, 7, 0),
(192, 13, 0),
(193, 8, 0),
(194, 8, 0),
(195, 8, 0),
(196, 8, 0),
(197, 7, 0),
(198, 7, 0),
(199, 7, 0),
(200, 9, 0),
(201, 12, 0),
(202, 6, 0),
(203, 10, 0),
(204, 10, 0),
(205, 10, 0),
(206, 10, 0),
(207, 12, 0),
(208, 12, 0),
(209, 10, 0),
(210, 10, 0),
(211, 10, 0),
(212, 10, 0),
(213, 12, 0),
(214, 12, 0),
(215, 10, 0),
(216, 10, 0),
(217, 10, 0),
(218, 10, 0),
(219, 10, 0),
(220, 10, 0),
(221, 10, 0),
(222, 10, 0),
(223, 10, 0),
(224, 10, 0),
(225, 10, 0),
(226, 10, 0),
(227, 10, 0),
(228, 7, 0),
(229, 10, 0),
(230, 10, 0),
(231, 10, 0),
(232, 10, 0),
(233, 10, 0),
(234, 10, 0),
(235, 10, 0),
(236, 10, 0),
(237, 10, 0),
(238, 10, 0),
(239, 10, 0),
(240, 10, 0),
(241, 10, 0),
(242, 10, 0),
(243, 10, 0),
(244, 10, 0),
(245, 10, 0),
(246, 10, 0),
(247, 10, 0),
(248, 10, 0),
(249, 10, 0),
(250, 10, 0),
(251, 10, 0),
(252, 10, 0),
(253, 10, 0),
(254, 10, 0),
(255, 10, 0),
(256, 10, 0),
(257, 10, 0),
(258, 10, 0),
(259, 10, 0),
(260, 10, 0),
(261, 10, 0),
(262, 10, 0),
(263, 10, 0),
(264, 10, 0),
(265, 10, 0),
(266, 10, 0),
(267, 10, 0),
(268, 10, 0),
(269, 7, 0),
(270, 13, 0),
(271, 4, 0),
(272, 11, 0),
(273, 11, 0),
(274, 5, 0),
(274, 7, 0),
(275, 8, 0),
(275, 9, 0),
(276, 5, 0),
(277, 10, 0),
(278, 10, 0),
(279, 10, 0),
(280, 10, 0),
(281, 10, 0),
(282, 10, 0),
(283, 10, 0),
(284, 10, 0),
(285, 10, 0),
(286, 10, 0),
(287, 10, 0),
(288, 10, 0),
(289, 10, 0),
(290, 10, 0),
(291, 6, 0),
(292, 6, 0),
(293, 4, 0),
(294, 4, 0),
(295, 7, 0),
(296, 4, 0),
(297, 4, 0),
(297, 13, 0),
(298, 4, 0),
(298, 8, 0),
(298, 9, 0),
(299, 4, 0),
(299, 13, 0),
(300, 4, 0),
(301, 4, 0),
(302, 4, 0),
(303, 4, 0),
(304, 4, 0),
(305, 13, 0),
(306, 4, 0),
(307, 4, 0),
(308, 4, 0),
(309, 4, 0),
(310, 4, 0),
(311, 4, 0),
(312, 4, 0),
(313, 4, 0),
(314, 4, 0),
(315, 4, 0),
(316, 4, 0),
(317, 4, 0),
(318, 4, 0),
(319, 4, 0),
(320, 13, 0),
(321, 13, 0),
(322, 4, 0),
(322, 13, 0),
(323, 4, 0),
(323, 13, 0),
(324, 13, 0),
(325, 4, 0),
(325, 13, 0),
(326, 4, 0),
(326, 13, 0),
(327, 4, 0),
(327, 13, 0),
(328, 13, 0),
(329, 13, 0),
(330, 13, 0),
(331, 13, 0),
(332, 13, 0),
(333, 13, 0),
(334, 13, 0),
(335, 13, 0),
(336, 13, 0),
(337, 13, 0),
(338, 13, 0),
(339, 13, 0),
(340, 13, 0),
(341, 13, 0),
(342, 13, 0),
(343, 13, 0),
(344, 13, 0),
(345, 13, 0),
(346, 13, 0),
(347, 13, 0),
(348, 13, 0),
(349, 13, 0),
(350, 13, 0),
(351, 4, 0),
(352, 13, 0),
(353, 7, 0),
(354, 7, 0),
(355, 7, 0),
(356, 7, 0),
(357, 7, 0),
(358, 7, 0),
(359, 7, 0),
(360, 7, 0),
(361, 7, 0),
(362, 7, 0),
(363, 7, 0),
(364, 7, 0),
(365, 7, 0),
(365, 9, 0),
(366, 7, 0),
(367, 7, 0),
(368, 7, 0),
(369, 7, 0),
(370, 7, 0),
(370, 13, 0),
(371, 11, 0),
(372, 11, 0),
(373, 11, 0),
(374, 11, 0),
(375, 11, 0),
(376, 11, 0),
(377, 11, 0),
(378, 11, 0),
(379, 11, 0),
(380, 11, 0),
(381, 11, 0),
(382, 11, 0),
(383, 11, 0),
(384, 11, 0),
(385, 11, 0),
(386, 11, 0),
(387, 11, 0),
(388, 11, 0),
(389, 11, 0),
(390, 11, 0),
(391, 11, 0),
(392, 11, 0),
(393, 11, 0),
(394, 11, 0),
(395, 11, 0),
(396, 8, 0),
(397, 8, 0),
(398, 8, 0),
(399, 8, 0),
(400, 8, 0),
(401, 8, 0),
(402, 8, 0),
(403, 8, 0),
(404, 8, 0),
(405, 8, 0),
(406, 8, 0),
(407, 8, 0),
(408, 8, 0),
(409, 7, 0),
(410, 8, 0),
(411, 8, 0),
(412, 8, 0),
(413, 7, 0),
(414, 4, 0),
(414, 7, 0),
(415, 8, 0),
(416, 8, 0),
(417, 8, 0),
(418, 7, 0),
(419, 8, 0),
(420, 8, 0),
(421, 5, 0),
(421, 9, 0),
(422, 9, 0),
(423, 4, 0),
(424, 7, 0),
(425, 7, 0),
(426, 7, 0),
(427, 8, 0),
(428, 8, 0),
(429, 8, 0),
(430, 8, 0),
(431, 11, 0),
(432, 11, 0),
(433, 11, 0),
(434, 11, 0),
(435, 11, 0),
(436, 11, 0),
(437, 11, 0),
(438, 11, 0),
(439, 11, 0),
(440, 11, 0),
(441, 11, 0),
(442, 11, 0),
(443, 11, 0),
(444, 11, 0),
(445, 11, 0),
(446, 7, 0),
(447, 7, 0),
(448, 7, 0),
(449, 7, 0),
(449, 13, 0),
(450, 7, 0),
(451, 7, 0),
(452, 7, 0),
(452, 13, 0),
(453, 7, 0),
(454, 7, 0),
(455, 5, 0),
(456, 9, 0),
(457, 9, 0),
(458, 8, 0),
(459, 9, 0),
(460, 9, 0),
(461, 13, 0),
(462, 9, 0),
(463, 9, 0),
(464, 9, 0),
(465, 7, 0),
(465, 9, 0),
(466, 7, 0),
(467, 9, 0),
(468, 9, 0),
(469, 9, 0),
(470, 9, 0),
(471, 9, 0),
(472, 9, 0),
(473, 9, 0),
(474, 9, 0),
(475, 9, 0),
(476, 9, 0),
(477, 9, 0),
(478, 9, 0),
(479, 9, 0),
(480, 9, 0),
(481, 9, 0),
(482, 9, 0),
(483, 9, 0),
(484, 7, 0),
(484, 9, 0),
(485, 9, 0),
(486, 9, 0),
(487, 9, 0),
(488, 9, 0),
(489, 9, 0),
(490, 7, 0),
(490, 9, 0),
(491, 9, 0),
(492, 9, 0),
(493, 12, 0),
(494, 12, 0),
(495, 12, 0),
(496, 12, 0),
(497, 12, 0),
(498, 12, 0),
(499, 12, 0),
(500, 12, 0),
(501, 12, 0),
(502, 12, 0),
(503, 12, 0),
(504, 12, 0),
(505, 12, 0),
(506, 12, 0),
(507, 12, 0),
(508, 12, 0),
(509, 12, 0),
(510, 12, 0),
(511, 12, 0),
(512, 12, 0),
(513, 12, 0),
(514, 12, 0),
(515, 12, 0),
(516, 12, 0),
(517, 12, 0),
(518, 12, 0),
(519, 12, 0),
(520, 12, 0),
(521, 12, 0),
(522, 10, 0),
(523, 10, 0),
(524, 10, 0),
(525, 10, 0),
(526, 10, 0),
(527, 10, 0),
(528, 10, 0),
(529, 12, 0),
(530, 12, 0),
(531, 11, 0);

INSERT INTO `Opciones` (`idOpcion`, `idPregunta`, `texto`) VALUES
(1, 1, 'Nunca'),
(1, 2, 'Nunca'),
(1, 3, 'Nunca'),
(1, 4, 'Nunca'),
(1, 5, 'Nunca'),
(1, 6, 'Insuficiente'),
(1, 10, 'Nunca'),
(1, 11, 'Insuficiente'),
(1, 12, 'Insuficiente'),
(1, 13, 'Insuficiente'),
(1, 14, 'Nunca'),
(1, 15, 'Muy inadecuada'),
(1, 16, 'Nunca'),
(1, 17, 'Insuficiente'),
(1, 20, 'Nunca'),
(1, 23, 'Nunca'),
(1, 25, 'Nunca'),
(1, 26, 'Inadecuado'),
(1, 27, 'Nunca'),
(1, 29, 'Insuficiente'),
(1, 30, 'Insuficiente'),
(1, 31, 'Insuficiente'),
(1, 32, 'Insuficiente'),
(1, 33, 'Insuficiente'),
(1, 34, 'Insuficiente'),
(1, 35, 'Insuficiente'),
(1, 36, 'Insuficiente'),
(1, 40, 'Insuficiente'),
(1, 44, 'Insuficiente'),
(1, 45, 'Insuficiente'),
(2, 1, 'A veces'),
(2, 2, 'A veces'),
(2, 3, 'A veces'),
(2, 4, 'A veces'),
(2, 5, 'A veces'),
(2, 6, 'Regular'),
(2, 10, 'A veces'),
(2, 11, 'Regular'),
(2, 12, 'Regular'),
(2, 13, 'Regular'),
(2, 14, 'A veces'),
(2, 15, 'Algo inadecuada'),
(2, 16, 'A veces'),
(2, 17, 'Regular'),
(2, 20, 'A veces'),
(2, 23, 'A veces'),
(2, 25, 'A veces'),
(2, 26, 'Poco adecuado'),
(2, 27, 'A veces'),
(2, 29, 'Regular'),
(2, 30, 'Regular'),
(2, 31, 'Regular'),
(2, 32, 'Regular'),
(2, 33, 'Regular'),
(2, 34, 'Regular'),
(2, 35, 'Regular'),
(2, 36, 'Regular'),
(2, 40, 'Regular'),
(2, 44, 'Regular'),
(2, 45, 'Regular'),
(3, 1, 'Casi siempre'),
(3, 2, 'Casi siempre'),
(3, 3, 'Casi siempre'),
(3, 4, 'Casi siempre'),
(3, 5, 'Casi siempre'),
(3, 6, 'Buena'),
(3, 10, 'Casi siempre'),
(3, 11, 'Buena'),
(3, 12, 'Bueno'),
(3, 13, 'Bueno'),
(3, 14, 'Casi siempre'),
(3, 15, 'Poco adecuada'),
(3, 16, 'Casi siempre'),
(3, 17, 'Bueno'),
(3, 20, 'Casi siempre'),
(3, 23, 'Casi siempre'),
(3, 25, 'Casi siempre'),
(3, 26, 'Adecuado'),
(3, 27, 'Casi siempre'),
(3, 29, 'Bueno'),
(3, 30, 'Bueno'),
(3, 31, 'Bueno'),
(3, 32, 'Bueno'),
(3, 33, 'Bueno'),
(3, 34, 'Bueno'),
(3, 35, 'Bueno'),
(3, 36, 'Bueno'),
(3, 40, 'Bueno'),
(3, 44, 'Bueno'),
(3, 45, 'Bueno'),
(4, 1, 'Siempre'),
(4, 2, 'Siempre'),
(4, 3, 'Siempre'),
(4, 4, 'Siempre'),
(4, 5, 'Siempre'),
(4, 6, 'Muy buena'),
(4, 10, 'Siempre'),
(4, 11, 'Muy buena'),
(4, 12, 'Muy bueno'),
(4, 13, 'Muy bueno'),
(4, 14, 'Siempre'),
(4, 15, 'Adecuada'),
(4, 16, 'Siempre'),
(4, 17, 'Muy bueno'),
(4, 20, 'Siempre'),
(4, 23, 'Siempre'),
(4, 25, 'Siempre'),
(4, 26, 'Muy adecuado'),
(4, 27, 'Siempre'),
(4, 29, 'Muy bueno'),
(4, 30, 'Muy bueno'),
(4, 31, 'Muy bueno'),
(4, 32, 'Muy bueno'),
(4, 33, 'Muy bueno'),
(4, 34, 'Muy bueno'),
(4, 35, 'Muy bueno'),
(4, 36, 'Muy bueno'),
(4, 40, 'Muy bueno'),
(4, 44, 'Muy bueno'),
(4, 45, 'Muy bueno');
